[
    {
        "_comment": "Driftwood comment",
        "producerName": "Charcoal Kiln",
        "InputIdentifier": "169",
        "InputStack": 1,
        "MinutesUntilReady": "40",
        "OutputIdentifier": "382",
        "OutputStack": 1,
        "Sounds": [ "openBox" ],
        "DelayedSounds": [ { "fireball": 50 } ],
        "PlacingAnimation": "CharcoalKilnSmoke"
    },
    {
        "_comment": "Torch comment",
        "producerName": "Charcoal Kiln",
        "InputIdentifier": "93",
        "InputStack": 1,
        "MinutesUntilReady": "30",
        "OutputIdentifier": "382",
        "OutputStack": 3,
        "Sounds": [ "openBox" ],
        "DelayedSounds": [ { "fireball": 50 } ],
        "PlacingAnimation": "CharcoalKilnSmoke"
    },
    {
        "_comment": "Wood recipe",
        "producerName": "Charcoal Kiln",
        "InputIdentifier": "388",
        "InputStack": 1,
        "MinutesUntilReady": "60",
        "OutputIdentifier": "382",
        "OutputStack": 5,
        "Sounds": [ "openBox" ],
        "DelayedSounds": [ { "fireball": 50 } ],
        "PlacingAnimation": "CharcoalKilnSmoke"
    },
    {
        "_comment": "Hardwood recipe",
        "producerName": "Charcoal Kiln",
        "InputIdentifier": "709",
        "InputStack": 1,
        "MinutesUntilReady": "550",
        "OutputIdentifier": "382",
        "OutputStack": 45,
        "Sounds": [ "openBox" ],
        "DelayedSounds": [ { "fireball": 50 } ],
        "PlacingAnimation": "CharcoalKilnSmoke"
    }
]
